exp_id,member,model,change,reason,macro_f1,accuracy,rmse,takeaway
B1,Samuel,tfidf-word+logreg,word 1-2 grams only,simplest starting point,0.5816,0.7483,0.6719,"starting point, negative F1 only 0.18"
B2,Samuel,tfidf-word+char+logreg,added char 2-5 grams,"half the vocab appears once, char n-grams should help with typos and rare words",0.6241,0.7623,0.6446,"char n-grams +0.04 macro-F1, negative F1 0.18 -> 0.28"
B3,Samuel,tfidf-word+char+logreg,balanced class weights,negative is only 10% of the data,0.6733,0.7497,0.7043,"biggest gain, negative F1 0.45. accuracy and rmse a bit worse because it predicts more negatives"
N1,Samuel,tfidf-word+char+nb,complement naive bayes,"nb is a common strong baseline for short text, complement nb handles imbalance better",0.6097,0.7304,0.701,"worse than logreg and svm, mostly on negative"
S1,Samuel,tfidf-word+char+svm,linear svm instead of logreg,linear svms usually do well on sparse tf-idf features,0.6737,0.7597,0.6724,tied with logreg (0.674 vs 0.673)
B4,Samuel,tfidf-word+char+logreg,tuned C=1.0,grid search on val macro-F1,0.6733,0.7497,0.7043,"default C=1 was already the best, same as B3"
S2,Samuel,tfidf-word+char+svm,tuned C=0.1,grid search on val macro-F1,0.6737,0.7597,0.6724,"C=0.1 was already the best, same as S1. higher C overfits"
A1,Samuel,tfidf-word+char+logreg,logreg: all training data,reference for the agreement runs,0.6733,0.7497,0.7043,"same as B3, reference for the agreement runs"
A2,Samuel,tfidf-word+char+logreg,logreg: only agreement = 1,"cleaner labels, but loses ~63% of negatives",0.6851,0.7617,0.6634,"best logreg run (0.685, negative F1 0.48) even with 63% fewer negatives"
A3,Samuel,tfidf-word+char+logreg,logreg: dropped agreement = 0.333,those tweets had no majority and were all defaulted to negative,0.6793,0.761,0.6729,small gain over all data (+0.006)
A4,Samuel,tfidf-word+char+logreg,logreg: loss weighted by agreement,keep all data but trust uncertain labels less,0.6799,0.7617,0.6827,small gain over all data (+0.007)
A5,Samuel,tfidf-word+char+svm,svm: all training data,reference for the agreement runs,0.6737,0.7597,0.6724,"same as S1, reference for the agreement runs"
A6,Samuel,tfidf-word+char+svm,svm: only agreement = 1,"cleaner labels, but loses ~63% of negatives",0.6554,0.7583,0.6674,"hurts svm (-0.018), the opposite of logreg"
A7,Samuel,tfidf-word+char+svm,svm: dropped agreement = 0.333,those tweets had no majority and were all defaulted to negative,0.6707,0.7663,0.6599,slightly worse than all data
A8,Samuel,tfidf-word+char+svm,svm: loss weighted by agreement,keep all data but trust uncertain labels less,0.6741,0.767,0.6563,"tied with all data (+0.0004), picked as the final svm"
BT1,Samuel,tfidf-word+char+logreg,final logreg on test (agreement=high),final evaluation of the best val config,0.6804,0.7458,0.681,"test 0.680, close to val (0.685) so no overfitting to val"
BT2,Samuel,tfidf-word+char+svm,final svm on test (agreement=weighted),final evaluation of the best val config,0.6844,0.7465,0.6474,"best test score 0.684, negative F1 0.52"
T1,Sheilla Keza,transformer-twitter-roberta,"baseline fine-tune, no changes","cardiffnlp/twitter-roberta-base is pretrained on tweets, so it should need little adaptation to our vaccine-tweet domain",0.741,0.8029,0.577,"twitter-roberta is the stronger model overall: 0.52 recall on negative and 0.82 on neutral, both noticeably higher than afroxlmr's 0.40 and 0.79. Its main confusion is negative tweets being misread as positive (45 cases) and neutral tweets pulled toward positive (112 cases) - both consistent with sarcasm or mixed-sentiment tweets being read at face value rather than negative."
T2,Sheilla Keza,transformer-afroxlmr,"multilingual transformer, no changes","AfroXLMR is pretrained on African languages including Swahili, so it may handle code-switched or non-English tweets better than a tweet-only English model",0.7008,0.783,0.6502,"afroxlmr underperforms twitter-roberta on negative (0.40 vs 0.52) and neutral (0.79 vs 0.82) recall, despite being pretrained on African languages including Swahili. This suggests the dataset's tweets are mostly English, so twitter-roberta's Twitter-specific pretraining (slang, hashtags, informal grammar) matters more here than afroxlmr's multilingual coverage. Its one strength is positive recall (0.87 vs 0.86), and like twitter-roberta its biggest failure mode is negative tweets misread as positive (80 of 154 negative cases)."
R1,Divine,bilstm+random-emb,"bilstm, random embeddings",starting point for the neural models,0.6287,0.7237,0.7183,"below both baselines, negative F1 only 0.37. val loss is lowest at epoch 5 but macro-F1 keeps rising until 15"
R2,Divine,bilstm+glove-frozen,"glove twitter 200d, frozen","only 7k training tweets and 41% of val word types are unseen, pretrained vectors should help",0.6407,0.7483,0.7024,"+0.012 over random, but negative F1 doesn't move (0.36)"
R3,Divine,bilstm+glove-tuned,"glove twitter 200d, fine-tuned",does adapting the vectors to vaccine stance help or overfit,0.6538,0.7324,0.7289,"best embedding setup (+0.025 over random), negative F1 0.42. kept glove tuned from here"
R4,Divine,bilstm+fasttext-frozen,"fasttext crawl 300d, frozen",compare a big general web vocab with glove twitter,0.6499,0.7463,0.708,"close to glove (0.650 vs 0.654), differences between pretrained vectors are inside the noise"
R5,Divine,bilstm+fasttext-tuned,"fasttext crawl 300d, fine-tuned",does adapting the vectors help or overfit on 7k tweets,0.6454,0.7204,0.7425,"fine-tuning slightly hurts fasttext but helps glove, no consistent pattern"
R6,Divine,bilstm+glove-tuned,R3 + balanced class weights,negative F1 is still only 0.42 and macro-F1 only rises late as the model starts predicting negatives. class weights gave the baselines their biggest gain (B3),0.6502,0.727,0.7188,"no gain (-0.004), unlike B3 for the baselines. weighting negatives also weights the noisy 0.333 labels"
R7,Divine,bilstm+glove-tuned,R3 + hashtags split into <hashtag> word,"matches how glove twitter was trained, and hashtag words like vaccineswork get a vector",0.6696,0.7477,0.69,"best single bilstm run (+0.016), negative F1 0.45. base for the later runs"
R8,Divine,bilstm+glove-tuned,R3 without keeping rare words that have a glove vector,ablation: does keeping the ~5k words seen once in train (but known to glove) help,0.6281,0.7364,0.701,"-0.026 without the rare words, keeping words glove knows matters"
R9,Divine,bigru+glove-tuned,bigru instead of bilstm (R7 settings),"a gru has about 25% fewer recurrent weights, which may suit 7k tweets better",0.6523,0.745,0.6933,"bigru 0.017 below bilstm, mostly on negative (0.40 vs 0.45)"
R10,Divine,bilstm+glove-tuned,"R7, trained only on agreement = 1","cleaner labels, but loses ~63% of negatives. best setting for the logreg baseline (A2)",0.6512,0.7383,0.7303,"-0.018, opposite of logreg (A2). losing 63% of negatives hurts the bilstm more"
R11,Divine,bilstm+glove-tuned,"R7, dropped agreement = 0.333",those tweets had no majority and were all defaulted to negative,0.6475,0.741,0.6919,"-0.022, dropping the 0.333 tweets doesn't help"
R12,Divine,bilstm+glove-tuned,"R7, loss weighted by agreement",keep all data but trust uncertain labels less,0.6616,0.7523,0.6952,"least bad agreement option (-0.008), but training on everything is still best"
R13,Divine,bilstm+glove-tuned,R7 with the final hidden states instead of max pooling,"the classic bilstm setup, checks whether max pooling over all steps is actually better",0.6591,0.7523,0.6748,last hidden state 0.011 below max pooling
R14,Divine,bilstm+glove-tuned,R7 with mean pooling,"mean pooling uses every step, max pooling only the strongest one per unit",0.6559,0.7423,0.7151,mean pooling 0.014 below max pooling
R15,Divine,bilstm+glove-tuned,R7 with 64 hidden units instead of 128,"val loss rises after ~5 epochs, a smaller model might overfit less",0.6577,0.7563,0.6733,"smaller model doesn't fix the overfitting, 0.012 lower"
R1x3,Divine,bilstm+random-emb,"bilstm + random embeddings, mean of 3 seeds (42, 1, 7), std 0.009","val is only 1.5k tweets, check the result isn't one lucky seed",0.6227,0.7226,0.7277,"random embeddings over 3 seeds, the reference for R7x3"
R7x3,Divine,bilstm+glove-tuned,"bilstm + glove tuned + split hashtags, mean of 3 seeds (42, 1, 7), std 0.011","val is only 1.5k tweets, check the result isn't one lucky seed",0.6584,0.743,0.6923,"seed 42 was lucky (0.670), the mean is 0.658. still +0.035 over random (R1x3)"
C1,Divine,cnn+random-emb,"textcnn (3/4/5 x 100 filters), random embeddings","cnn picks up local n-gram cues, compare with the bilstm reading the whole sequence",0.6268,0.7257,0.7029,same as the bilstm with random embeddings (0.627 vs 0.629)
C2,Divine,cnn+glove-tuned,"textcnn + glove twitter, fine-tuned",same embedding step as the bilstm (R1 -> R3),0.6509,0.7337,0.7014,"+0.024 from glove, same jump as the bilstm"
C3,Divine,cnn+glove-tuned,C2 + hashtags split into <hashtag> word,"hashtag splitting was the best bilstm change (R3 -> R7), check it carries over to the cnn",0.6571,0.7483,0.6733,hashtag splitting helps the cnn a little too (+0.006)
C4,Divine,cnn+glove-tuned,C3 with 2/3/4-word filters instead of 3/4/5,"tweets are ~20 tokens and the stance cues are short phrases (vaccines work, cdc whistleblower)",0.6615,0.7463,0.6793,"best cnn, shorter filters fit short tweets. trains about 2x faster than the bilstm"
C4x3,Divine,cnn+glove-tuned,"textcnn 2/3/4 + glove tuned + split hashtags, mean of 3 seeds (42, 1, 7), std 0.012","val is only 1.5k tweets, check the result isn't one lucky seed",0.66,0.7481,0.6704,tied with the bilstm over seeds (0.660 vs 0.658)
CB1,Divine,cnn-bilstm+glove-tuned,"cnn-bilstm + glove twitter, fine-tuned","conv finds local phrases, the bilstm reads them in order. does combining both beat either alone (R3, C2)",0.64,0.713,0.789,"worse than the bilstm (R3) or cnn (C2) alone, stacking them doesn't help on 20-token tweets"
RT1,Divine,bilstm+glove-tuned,final bilstm on test (R7 config),final evaluation of the best val config,0.6599,0.7332,0.6945,"test 0.660 (3 seeds: 0.662 +- 0.014), below tf-idf on test (svm 0.684). negative recall only 0.43"
CT1,Divine,cnn+glove-tuned,final textcnn on test (C4 config),final evaluation of the best val config,0.6607,0.7399,0.6854,"test 0.661 (3 seeds: 0.652 +- 0.012), about the same as the bilstm"
